employee_name,user_id,O,C,E,A,N,insider_label,scenario,role
Lacota Helen Nash,LHN0151,13,15,19,32,26,,,Accountant
Raven Deirdre Morrison,RDM0150,39,15,37,26,30,,,Accountant
Irma Eugenia Booker,IEB0153,44,25,39,24,36,,,Accountant
Patricia Emily Salazar,PES0085,35,24,18,30,22,,,AdministrativeAssistant
Tasha Casey Dalton,TCD0009,44,28,44,38,23,,,AdministrativeAssistant
Chastity Ima Gibson,CIG0052,17,45,17,16,24,,,AdministrativeAssistant
Yasir Dexter Nelson,YDN0198,45,50,41,11,24,,,AdministrativeAssistant
Nina Camille Hodges,NCH0179,17,12,40,17,25,,,AdministrativeAssistant
Jenna Darrel Charles,JDC0030,31,18,19,21,26,,,AdministrativeAssistant
Prescott Giacomo Conley,PGC0066,32,39,28,43,26,,,AdministrativeAssistant
Price Bevis Pittman,PBP0002,49,35,23,10,27,,,AdministrativeAssistant
Gay Ria Cantu,GRC0145,30,43,24,46,27,,,AdministrativeAssistant
Stephanie Eliana Rasmussen,SER0165,20,15,24,17,27,,,AdministrativeAssistant
Kenyon Raja Galloway,KRG0158,34,38,42,14,27,,,AdministrativeAssistant
Sasha Rina Huffman,SRH0155,34,14,37,45,28,,,AdministrativeAssistant
Reuben Victor Freeman,RVF0201,36,32,38,29,28,,,AdministrativeAssistant
Scarlet Pearl Ashley,SPA0141,43,22,10,21,29,,,AdministrativeAssistant
Dante Raja Roberts,DRR0162,45,36,20,36,29,1,2,AdministrativeAssistant
John Omar Lancaster,JOL0024,50,40,24,21,29,,,AdministrativeAssistant
Kaye Brianna Blair,KBB0189,49,23,16,33,30,,,AdministrativeAssistant
Aurora Katell Rhodes,AKR0057,50,41,20,18,30,1,2,AdministrativeAssistant
Tarik Odysseus Rivera,TOR0193,30,40,25,45,30,,,AdministrativeAssistant
Rina Denise Mcgee,RDM0115,42,17,39,15,30,,,AdministrativeAssistant
Sage Nichole Savage,SNS0129,26,10,43,35,30,,,AdministrativeAssistant
Keaton Ronan Leonard,KRL0062,37,16,17,20,33,,,AdministrativeAssistant
Sybill Grace Mckay,SGM0021,41,12,26,41,33,,,AdministrativeAssistant
Erich Malik Wolf,EMW0105,35,40,17,41,34,,,AdministrativeAssistant
Gil Calvin Lindsay,GCL0016,45,32,20,24,34,,,AdministrativeAssistant
Kimberley Joy Anderson,KJA0152,16,16,39,38,34,,,AdministrativeAssistant
Lani Dai Beard,LDB0090,40,14,39,41,34,,,AdministrativeAssistant
Alden Jesse Day,AJD0074,19,37,45,22,34,,,AdministrativeAssistant
Arsenio Kato Wilder,AKW0167,38,38,20,14,35,,,AdministrativeAssistant
Jane Ignacia Mcdonald,JIM0095,10,18,21,15,35,,,AdministrativeAssistant
Clio Ocean Faulkner,COF0120,14,12,38,13,35,,,AdministrativeAssistant
Catherine Savannah Bullock,CSB0080,35,19,39,34,36,,,AdministrativeAssistant
Alec Scott Goff,ASG0048,41,36,19,24,37,,,AdministrativeAssistant
Emerson Tyrone Rojas,ETR0177,18,15,41,26,39,,,AdministrativeAssistant
Myles August Heath,MAH0149,41,39,38,27,40,,,AdministrativeAssistant
Vernon Samuel Sawyer,VSS0154,43,49,10,40,30,1,2,AdministrativeStaff
Shannon Chantale Price,SCP0130,42,18,35,32,24,,,AssemblySupervisor
Armando Albert Walter,AAW0353,49,45,19,25,34,,,AssemblySupervisor
Alan Benjamin Holder,ABH0663,47,49,41,11,34,,,AssemblySupervisor
Amy Lucy Chen,ALC0788,34,18,15,36,35,,,AssemblySupervisor
Whilemina Pandora England,WPE0538,21,16,23,22,35,,,AssemblySupervisor
Sandra Beverly Diaz,SBD0913,45,16,19,19,42,,,AssemblySupervisor
Baxter William Price,BWP0202,20,36,15,25,28,,,Attorney
Quentin Nolan Fitzpatrick,QNF0205,35,41,22,21,29,,,Attorney
MacKenzie Kristen Stewart,MKS0204,21,30,21,16,31,,,Attorney
Ainsley MacKensie Doyle,AMD0077,23,19,12,25,25,,,ChiefEngineer
Rose Hanae Yates,RHY0079,20,19,14,21,26,,,ChiefEngineer
Dylan Tiger Terry,DTT0076,42,16,34,24,28,,,ChiefEngineer
Harper Price Harris,HPH0075,40,42,48,25,28,,,ChiefEngineer
Gage Kaden Odonnell,GKO0078,44,46,21,24,29,,,ChiefEngineer
Cameron Noel Elliott,CNE0352,39,22,44,15,30,,,ChiefEngineer
Hadassah Riley Baker,HRB0351,19,12,43,42,36,,,ChiefEngineer
Nicolas Kadeem Hayden,NKH0807,45,44,40,22,20,,,ComputerProgrammer
Dominic Howard Mcconnell,DHM0937,43,22,21,15,24,,,ComputerProgrammer
Deirdre Amaya Garcia,DAG0558,20,16,37,25,26,,,ComputerProgrammer
Chaim Chadwick Chang,CCC0393,35,30,40,16,26,,,ComputerProgrammer
Leslie Cassandra Colon,LCC0819,32,14,11,15,27,1,2,ComputerProgrammer
Steel Orson Fields,SOF0808,45,40,38,22,27,,,ComputerProgrammer
Alden Caesar Velez,ACV0812,42,37,12,45,28,,,ComputerProgrammer
Vernon Finn Mcgee,VFM0814,46,45,44,19,28,,,ComputerProgrammer
Wanda Samantha Rogers,WSR0241,35,27,15,25,29,,,ComputerProgrammer
Amal Judah Rich,AJR0932,46,30,35,12,29,1,1,ComputerProgrammer
Edan Ciaran Larson,ECL0930,28,24,40,18,29,,,ComputerProgrammer
Ignatius Reese Morton,IRM0931,44,46,33,35,30,,,ComputerProgrammer
Miriam Shoshana Donovan,MSD0939,24,37,15,42,31,,,ComputerProgrammer
Nicholas Kato Pennington,NKP0236,45,41,19,40,31,,,ComputerProgrammer
Daryl Ocean Patel,DOP0562,42,16,37,39,31,,,ComputerProgrammer
William Theodore Reeves,WTR0563,47,45,46,15,31,,,ComputerProgrammer
Harrison Samuel Gonzales,HSG0818,18,19,48,36,31,,,ComputerProgrammer
Bruno Beau Hoover,BBH0810,40,25,10,21,32,,,ComputerProgrammer
Daphne Ruby Reilly,DRR0242,39,19,40,41,33,,,ComputerProgrammer
Quyn Jolie Rosario,QJR0688,19,18,22,26,35,,,ComputerProgrammer
Willow Iliana Quinn,WIQ0567,25,41,10,47,39,,,ComputerProgrammer
Calvin Edan Love,CEL0561,40,39,36,19,40,,,ComputerProgrammer
Blaze Jakeem Hahn,BJH0811,48,39,44,14,40,,,ComputerProgrammer
Octavia Nora Leblanc,ONL0276,48,46,17,41,20,,,ComputerScientist
Samantha Audrey Curtis,SAC0687,20,49,37,19,22,,,ComputerScientist
Kareem Porter Collins,KPC0073,44,30,11,16,23,1,1,ComputerScientist
Chadwick Wayne Bond,CWB0065,50,33,14,20,23,,,ComputerScientist
Camilla Camille Leach,CCL0068,13,16,23,19,23,1,2,ComputerScientist
Nash Conan Knight,NCK0421,40,41,18,43,24,,,ComputerScientist
Wade Ira Frazier,WIF0691,33,39,37,30,24,,,ComputerScientist
Luke Jacob Talley,LJT0817,39,43,38,39,24,,,ComputerScientist
Constance Audrey Hicks,CAH0936,40,22,39,50,24,1,1,ComputerScientist
Alea Maggie Whitfield,AMW0392,47,47,22,44,26,,,ComputerScientist
Chandler Ashton Madden,CAM0102,31,44,19,15,27,,,ComputerScientist
Anastasia Sage Griffith,ASG0692,26,40,41,23,27,,,ComputerScientist
Beck Troy Richards,BTR0403,47,47,21,17,28,,,ComputerScientist
Cole Aaron Mcfarland,CAM0681,41,43,45,10,28,,,ComputerScientist
Ocean Maite Summers,OMS0101,20,12,21,22,29,,,ComputerScientist
Kay Alexa Logan,KAL0395,13,24,22,28,29,,,ComputerScientist
Cora Clementine Higgins,CCH0685,47,24,42,34,29,,,ComputerScientist
Brock William Hunter,BWH0813,36,36,33,20,30,,,ComputerScientist
Elaine Hanna Raymond,EHR0096,22,13,20,48,31,,,ComputerScientist
Hedda Grace Gordon,HGG0240,20,26,24,36,31,,,ComputerScientist
Evelyn Sarah Reilly,ESR0693,35,23,25,21,31,,,ComputerScientist
Valentine Elton Britt,VEB0935,46,37,39,20,32,,,ComputerScientist
Garrett Omar Kelly,GOK0238,33,43,27,40,33,,,ComputerScientist
Rhonda Rhona Parsons,RRP0568,43,50,38,18,33,,,ComputerScientist
Jaden Nicole Johnston,JNJ0556,43,45,22,33,34,,,ComputerScientist
Imani Aubrey Ray,IAR0694,12,17,44,40,34,,,ComputerScientist
Noble Devin Mack,NDM0417,44,36,50,12,34,,,ComputerScientist
Reece Nicolas Lopez,RNL0695,47,41,44,19,36,,,ComputerScientist
Colt Ishmael Mccall,CIM0271,24,27,10,20,38,,,ComputerScientist
Bethany Lydia Lyons,BLL0929,44,49,10,41,39,,,ComputerScientist
Paula Madaline Jackson,PMJ0564,30,21,40,14,39,,,ComputerScientist
Nigel Addison Rios,NAR0981,39,39,16,50,36,,,ComputerTrainer
Tara Dai Stevenson,TDS0984,39,39,15,40,38,,,ComputerTrainer
Summer Leilani Boyer,SLB0049,14,27,16,22,20,,,Director
Walter Kaseem Foley,WKF0012,37,44,20,45,23,,,Director
Donovan Carlos Chapman,DCC0160,36,39,33,42,27,,,Director
Blaze Trevor Stone,BTS0011,25,42,16,25,29,,,Director
Todd Vance Spears,TVS0050,40,38,18,30,29,,,Director
Fatima Ulla Mcclure,FUM0015,33,18,18,46,32,,,Director
Bethany Xerxes Johnson,BXJ0010,46,24,30,35,34,,,Director
Wesley Kasper Duffy,WKD0013,42,36,40,27,34,,,Director
Declan Lester Moss,DLM0051,37,37,17,20,35,,,Director
Alec Mannix Mcneil,AMM0014,48,38,15,44,36,,,Director
Dacey Jorden Bowen,DJB0159,20,37,27,38,37,,,Director
Sharon Britanni Kerr,SBK0161,14,27,23,41,39,,,Director
Buckminster Benjamin Swanson,BBS0422,39,42,29,41,18,,,ElectricalEngineer
Erich Harding Bryant,EHB0420,45,42,38,17,20,,,ElectricalEngineer
Ella Nita Lewis,ENL0100,39,18,42,35,21,,,ElectricalEngineer
Nicolas Brandon Hendrix,NBH0256,41,43,14,21,22,,,ElectricalEngineer
Vincent Avram Aguirre,VAA0087,36,44,42,18,23,,,ElectricalEngineer
Roary Jane Barrett,RJB0088,20,42,37,45,24,,,ElectricalEngineer
Rashad August Hatfield,RAH0440,18,15,43,16,24,,,ElectricalEngineer
Zachery Samson Kerr,ZSK0258,38,35,21,37,25,,,ElectricalEngineer
Preston Kennan Burns,PKB0281,39,12,44,26,25,,,ElectricalEngineer
Mercedes Ina Landry,MIL0255,38,16,39,21,27,,,ElectricalEngineer
Kirby Amity Tyson,KAT0270,21,24,39,23,27,,,ElectricalEngineer
Devin Brett Guzman,DBG0261,45,47,17,36,28,,,ElectricalEngineer
Jaden Kylan Buckley,JKB0126,43,24,19,33,28,,,ElectricalEngineer
Hakeem Arden Curry,HAC0282,37,32,38,12,28,,,ElectricalEngineer
Alec Boris Chase,ABC0253,21,15,41,30,28,,,ElectricalEngineer
Deanna Imelda Blanchard,DIB0285,13,45,17,50,29,1,2,ElectricalEngineer
Robert Samuel Chen,RSC0089,41,26,35,21,29,,,ElectricalEngineer
Desirae Mari Koch,DMK0257,33,20,26,26,30,,,ElectricalEngineer
Rashad Aristotle Guerrero,RAG0275,23,38,35,41,32,,,ElectricalEngineer
Thor Jameson Diaz,TJD0996,34,22,42,16,32,,,ElectricalEngineer
Kermit Beau Leach,KBL0260,16,15,48,16,32,,,ElectricalEngineer
Elijah Gary Diaz,EGD0409,39,40,22,35,33,,,ElectricalEngineer
Kathleen Aline Chan,KAC0124,33,14,30,18,33,,,ElectricalEngineer
Lane Oleg Mclaughlin,LOM0086,18,10,34,23,33,,,ElectricalEngineer
Patricia Denise Wright,PDW0259,43,32,38,36,33,,,ElectricalEngineer
Emily Illana Perry,EIP0997,42,28,20,25,34,,,ElectricalEngineer
William Aristotle Sampson,WAS0254,43,37,16,18,35,,,ElectricalEngineer
Shelly Audra Ayala,SAA0999,20,17,34,11,36,,,ElectricalEngineer
Azalia Halee Cantu,AHC0142,34,23,40,15,26,,,Engineer
Jonathan John Martinez,JJM0203,37,36,18,30,28,1,2,Engineer
Chloe Keiko Holland,CKH0144,34,22,22,35,30,,,Engineer
Hedwig Regina Livingston,HRL0540,43,38,17,40,18,,,FieldServiceEngineer
Burke Randall Burnett,BRB0355,33,21,37,19,29,,,FieldServiceEngineer
Blaine Helen Cervantes,BHC0665,14,21,12,12,32,,,FieldServiceEngineer
Garrett Nicholas Solomon,GNS0178,30,17,42,26,33,,,FieldServiceEngineer
Blythe Veda Cooke,BVC0790,24,18,18,36,38,,,FieldServiceEngineer
Nissim Gil French,NGF0157,45,38,22,46,32,,,FinancialAnalyst
Macaulay Otto Hopkins,MOH0273,39,40,47,50,26,,,HardwareEngineer
Zorita Jaime Spears,ZJS0269,30,34,16,35,27,,,HardwareEngineer
Dalton Perry Mejia,DPM0423,37,38,38,15,27,,,HardwareEngineer
Alea Tana Ferrell,ATF0274,20,45,48,27,28,,,HardwareEngineer
Nehru Wyatt Tate,NWT0098,35,39,26,36,33,1,2,HardwareEngineer
Hermione Casey Witt,HCW0419,40,21,35,34,35,,,HardwareEngineer
Xander Aaron Acevedo,XAA0104,41,40,14,38,42,,,HardwareEngineer
Cathleen Risa Oneal,CRO0027,19,30,28,46,26,,,HealthSafetyEngineer
Alice Orli Stout,AOS0987,16,32,40,30,27,,,HealthSafetyEngineer
Orla Yolanda Middleton,OYM0026,23,26,18,36,28,,,HealthSafetyEngineer
Felicia Rhona Butler,FRB0023,45,14,12,14,14,,,HumanResourceSpecialist
Garrison Levi Rollins,GLR0975,33,44,26,24,24,,,HumanResourceSpecialist
Mari Gretchen Shaw,MGS0974,17,39,39,40,27,,,HumanResourceSpecialist
Azalia Orli Beach,AOB0019,11,17,13,24,28,,,HumanResourceSpecialist
Tara Echo Myers,TEM0977,22,19,40,45,29,,,HumanResourceSpecialist
Skyler Deborah Frazier,SDF0017,11,40,39,18,30,,,HumanResourceSpecialist
Keane Nicholas Blevins,KNB0022,22,38,45,16,30,,,HumanResourceSpecialist
Myles Donovan Macias,MDM0976,41,40,38,20,31,,,HumanResourceSpecialist
Mark Yardley Dunlap,MYD0978,39,32,36,13,32,1,1,HumanResourceSpecialist
Honorato Joseph Adkins,HJA0018,39,43,47,37,32,,,HumanResourceSpecialist
Curran Tarik Ayala,CTA0020,36,50,11,22,34,,,HumanResourceSpecialist
Leonard Malachi Floyd,LMF0980,42,45,12,44,35,,,HumanResourceSpecialist
Nathan Kenneth Hicks,NKH0979,30,39,42,22,35,,,HumanResourceSpecialist
Jonathan Gary Terry,JGT0221,45,30,16,40,18,1,3,ITAdmin
Jack Carlos Cannon,JCC0225,47,45,40,15,18,,,ITAdmin
Hayes Drake Stephenson,HDS0367,50,42,16,30,19,,,ITAdmin
Meghan Phoebe Macias,MPM0220,35,20,42,22,20,1,3,ITAdmin
Mariko Olga Snyder,MOS0047,49,39,24,34,23,1,2,ITAdmin
Jackson Rafael Sutton,JRS0362,50,50,14,37,24,,,ITAdmin
Kennedy Shad Parker,KSP0357,41,40,29,19,24,,,ITAdmin
Blossom Keiko Weiss,BKW0374,41,38,17,46,27,,,ITAdmin
Daria Felicia Rowland,DFR0218,45,14,22,37,27,,,ITAdmin
Wesley Dustin Dickerson,WDD0366,43,42,17,19,28,1,1,ITAdmin
Cyrus Connor Atkinson,CCA0046,36,43,25,15,28,1,3,ITAdmin
Medge Serina Obrien,MSO0222,32,12,39,46,28,1,3,ITAdmin
Dorothy Marny Goff,DMG0358,19,39,14,25,29,,,ITAdmin
Emerald Imani Schmidt,EIS0041,41,44,17,48,30,,,ITAdmin
Jerry Tad Mccall,JTM0223,35,48,20,21,30,1,3,ITAdmin
Medge Nichole Sims,MNS0224,46,21,22,45,30,,,ITAdmin
Kyla Jocelyn Porter,KJP0371,36,21,25,15,30,,,ITAdmin
Byron Armand Livingston,BAL0044,14,41,26,44,30,,,ITAdmin
Kendall Ciaran Frank,KCF0045,40,39,16,27,31,,,ITAdmin
Sonia Anne Kirkland,SAK0375,16,20,27,16,31,,,ITAdmin
Alfonso Colin Cooley,ACC0042,23,19,37,20,31,,,ITAdmin
William Price Robles,WPR0368,48,34,40,17,31,,,ITAdmin
Megan Simone Hess,MSH0040,41,11,44,27,31,,,ITAdmin
Ursula Idona Richard,UIR0043,19,37,23,38,32,,,ITAdmin
Kennedy Robert Vega,KRV0372,40,39,25,35,32,,,ITAdmin
Brenden Samuel Shaffer,BSS0369,39,42,34,14,32,1,3,ITAdmin
Sean Omar Burgess,SOB0360,42,22,40,16,32,,,ITAdmin
TaShya Savannah Mcgowan,TSM0363,34,19,20,39,33,,,ITAdmin
Cain Byron Baldwin,CBB0365,37,17,20,41,33,,,ITAdmin
Joseph Alan Vaughan,JAV0361,36,45,40,45,33,,,ITAdmin
Quemby Nita Pollard,QNP0216,19,35,39,26,34,,,ITAdmin
Arthur John Floyd,AJF0370,37,33,11,15,36,,,ITAdmin
Jacqueline Latifah Miles,JLM0364,35,22,15,25,37,1,3,ITAdmin
Ira Brendan Ball,IBB0359,48,33,21,43,38,,,ITAdmin
Bevis Brady Sheppard,BBS0039,44,37,34,21,40,1,3,ITAdmin
Logan Branden Cherry,LBC0356,40,30,40,21,41,,,ITAdmin
Tallulah Liberty Kirby,TLK0993,41,36,40,35,22,,,IndustrialEngineer
Hu Akeem Vincent,HAV0121,46,43,38,37,27,,,IndustrialEngineer
Harrison Oscar Burke,HOB0994,38,39,15,43,33,,,IndustrialEngineer
Kermit Coby Oliver,KCO0122,30,32,26,38,33,,,IndustrialEngineer
Lucas Ahmed Ferrell,LAF0991,40,39,36,22,34,,,IndustrialEngineer
Rachel Hermione Le,RHL0992,36,10,39,37,36,1,2,IndustrialEngineer
Brianna Rebecca Mcintyre,BRM0995,20,11,32,26,40,,,IndustrialEngineer
Melissa Ava Stuart,MAS0025,23,14,20,21,23,1,1,InstructionalCoordinator
Hasad Paki Mcfadden,HPM0986,41,36,38,23,24,,,InstructionalCoordinator
Honorato Ivan Wall,HIW0536,39,50,25,24,20,,,LabManager
Sarah Imelda Juarez,SIJ0661,40,17,14,15,21,,,LabManager
Lillith Adena Matthews,LAM0911,42,43,27,38,22,,,LabManager
Kim Dara Sullivan,KDS0349,18,23,20,32,29,,,LabManager
Jackson Linus Wilkerson,JLW0053,42,41,18,38,31,,,LabManager
Sasha Britanney Quinn,SBQ0786,41,17,19,44,34,,,LabManager
Althea Ina Palmer,AIP0982,43,20,43,41,33,,,ManagementTrainer
Yardley Cairo Elliott,YCE0983,39,21,42,30,36,,,ManagementTrainer
Vera Mollie Jenkins,VMJ0147,23,28,37,22,24,,,Manager
Jocelyn Bree Mccray,JBM0350,37,21,12,45,25,,,Manager
Delilah Iliana Wilkinson,DIW0118,37,17,19,37,26,,,Manager
Eugenia Whilemina Harrington,EWH0191,33,17,22,23,27,,,Manager
Kimberley Kiona Sosa,KKS0119,15,28,39,33,27,,,Manager
Whoopi Britanney Camacho,WBC0192,47,36,39,39,27,,,Manager
Francis Brian Armstrong,FBA0348,41,44,40,36,27,,,Manager
Fritz Dale Ellison,FDE0117,38,37,32,41,28,,,Manager
August Armando Evans,AAE0190,36,30,14,50,29,,,Manager
Libby Rosalyn Richard,LRR0148,21,19,14,14,29,,,Manager
Hashim Damon Dudley,HDD0789,44,39,30,10,29,,,Manager
Sara Gail George,SGG0787,14,27,10,20,31,,,Manager
Caleb Mason Ball,CMB0912,46,43,16,22,31,,,Manager
Winter Veda Burks,WVB0539,43,16,18,42,31,,,Manager
Grant Tyrone Doyle,GTD0116,43,19,45,20,31,,,Manager
Lysandra Chastity Brennan,LCB0664,16,19,36,24,32,,,Manager
Stephanie Briar Harrington,SBH0537,34,21,14,13,33,,,Manager
Vance Ira Alston,VIA0063,40,34,19,50,33,,,Manager
Clinton Coby Wolfe,CCW0031,33,47,30,39,33,,,Manager
Meredith Ainsley Wolf,MAW0166,44,16,21,17,34,,,Manager
Cedric Herrod Gilliam,CHG0146,40,20,39,19,35,,,Manager
Bert Jason Henderson,BJH0354,22,21,31,20,36,,,Manager
Frances Alisa Wiggins,FAW0032,43,24,17,37,37,,,Manager
Aurora Tatiana Payne,ATP0662,17,16,41,20,39,,,Manager
Ivor Amir Tucker,IAT0263,28,23,30,30,27,,,MaterialsEngineer
Ingrid Irene Atkins,IIA0092,39,30,42,14,27,,,MaterialsEngineer
Kendall Thaddeus Glover,KTG0091,46,41,16,15,29,,,MaterialsEngineer
Shea Jane Franks,SJF0094,35,19,16,44,30,,,MaterialsEngineer
Thaddeus Emery Martin,TEM0093,28,24,45,14,30,,,MaterialsEngineer
Deborah Victoria Mcclure,DVM0265,47,40,10,24,31,,,MaterialsEngineer
Hall Colorado Morin,HCM0267,36,45,39,20,32,,,MaterialsEngineer
Roth Mannix Simon,RMS0266,33,40,25,23,37,,,MaterialsEngineer
Oren Curran Brady,OCB0805,37,33,42,16,18,,,Mathematician
Camille Julie Freeman,CJF0802,36,39,38,43,21,,,Mathematician
Grace Alma Fry,GAF0060,41,16,39,25,22,,,Mathematician
William Trevor Fuentes,WTF0387,40,23,40,25,24,,,Mathematician
Samuel Eden James,SEJ0677,44,39,23,36,25,,,Mathematician
Savannah Marcia Yang,SMY0792,43,37,39,42,25,,,Mathematician
Rama Vielka Clayton,RVC0232,34,20,47,38,25,,,Mathematician
Geoffrey Jin Tucker,GJT0386,24,13,49,34,26,,,Mathematician
Hashim Damon Hebert,HDH0928,40,36,20,40,26,,,Mathematician
Nadine Gay Cross,NGC0058,44,45,39,15,27,,,Mathematician
Philip Travis Hartman,PTH0552,20,13,32,20,28,,,Mathematician
Alexa Nadine Poole,ANP0555,13,40,42,23,28,,,Mathematician
Nelle April Bowen,NAB0801,28,34,10,41,29,,,Mathematician
Vivian Sarah Arnold,VSA0230,47,15,25,14,29,,,Mathematician
Teagan Raven Kennedy,TRK0914,40,19,14,33,30,,,Mathematician
Buckminster Connor Bush,BCB0679,46,36,39,31,31,,,Mathematician
Nissim Rafael Delacruz,NRD0548,41,37,41,15,31,,,Mathematician
Benjamin Lewis Sweeney,BLS0678,35,17,43,28,31,1,1,Mathematician
Xander Walter Doyle,XWD0923,16,38,45,20,31,,,Mathematician
Ayanna Leandra Dunlap,ALD0544,16,18,18,13,32,,,Mathematician
Stephanie Victoria Lyons,SVL0803,27,35,20,36,32,,,Mathematician
Reuben Fulton Pugh,RFP0380,39,39,20,20,32,,,Mathematician
Medge Liberty Petersen,MLP0668,40,17,16,43,33,,,Mathematician
Dean Lester Figueroa,DLF0377,39,35,19,27,34,,,Mathematician
Ayanna Sylvia Blankenship,ASB0796,30,40,23,38,34,,,Mathematician
Uriel Charles Solomon,UCS0227,22,32,41,35,34,,,Mathematician
Meredith Pamela Tanner,MPT0376,19,37,41,48,35,,,Mathematician
Orla Ruth Mckenzie,ORM0669,44,39,28,39,36,,,Mathematician
Tobias Lucas Morin,TLM0797,43,42,34,23,36,,,Mathematician
Montana Hannah Arnold,MHA0798,11,27,17,22,40,,,Mathematician
Rae Melissa Wilson,RMW0542,17,21,20,13,41,1,2,Mathematician
Matthew Harper Glass,MHG0244,42,46,21,15,22,,,MechanicalEngineer
Brent Laith Beck,BLB0114,38,48,41,15,22,,,MechanicalEngineer
Mallory Charissa Dixon,MCD0125,36,26,50,22,23,,,MechanicalEngineer
Steel Solomon Garrison,SSG0250,35,40,20,36,25,,,MechanicalEngineer
Oscar Nolan Wooten,ONW0083,46,30,25,30,26,,,MechanicalEngineer
Halla Germaine Nolan,HGN0287,45,30,18,18,27,,,MechanicalEngineer
James Cain Vargas,JCV0245,40,44,22,20,27,,,MechanicalEngineer
Oleg Kane Britt,OKB0439,41,42,30,25,27,,,MechanicalEngineer
Josephine Indira Garza,JIG0128,25,45,35,18,27,,,MechanicalEngineer
Stephanie Mary Whitehead,SMW0084,20,37,39,48,27,,,MechanicalEngineer
Igor Ishmael Ward,IIW0249,39,36,43,38,28,,,MechanicalEngineer
Hector Abraham Hayes,HAH0248,33,43,22,18,29,,,MechanicalEngineer
Tiger Tucker Dawson,TTD1000,34,34,24,40,29,,,MechanicalEngineer
Eve Shaeleigh Holman,ESH0283,44,30,35,18,31,,,MechanicalEngineer
Zachary Myles Cardenas,ZMC0284,42,33,41,30,31,,,MechanicalEngineer
Jin Jonathan Buckley,JJB0127,26,21,38,30,32,,,MechanicalEngineer
Drew Ivan Beck,DIB0081,34,45,14,28,33,,,MechanicalEngineer
Dustin Gage Franco,DGF0443,39,44,18,28,33,,,MechanicalEngineer
Norman Jackson Beck,NJB0243,23,35,37,24,34,,,MechanicalEngineer
Kane Walter Eaton,KWE0082,38,43,19,48,35,,,MechanicalEngineer
Alexander Rafael Arnold,ARA0252,39,39,27,21,35,,,MechanicalEngineer
Tobias Dakota Jacobs,TDJ0998,34,40,10,42,36,,,MechanicalEngineer
Theodore Eagan Bass,TEB0251,44,50,22,13,36,,,MechanicalEngineer
Bryar Ivana Sweet,BIS0247,36,19,18,39,37,,,MechanicalEngineer
Stewart Dale Berger,SDB0106,35,46,26,27,37,,,MechanicalEngineer
Holmes Arden Day,HAD0246,44,39,32,45,38,,,MechanicalEngineer
Kessie Vielka Trevino,KVT0028,44,20,35,19,37,,,Nurse
Diana Leigh Hays,DLH0029,36,26,38,18,31,,,NursePractitioner
Lamar Nissim Strickland,LNS0989,34,38,45,30,31,,,NursePractitioner
Dolan Igor Cortez,DIC0988,44,30,23,21,32,,,NursePractitioner
Leah Idola Moran,LIM0674,18,13,35,49,20,,,Physicist
Tara Alma Potts,TAP0551,25,17,27,20,22,1,1,Physicist
Evelyn Nevada Curtis,ENC0234,21,23,32,19,23,,,Physicist
Charity Uta Daniels,CUD0795,12,40,30,44,24,,,Physicist
Veda Martina Jacobson,VMJ0546,20,37,29,39,26,,,Physicist
Daquan Tucker Pugh,DTP0379,45,42,15,37,27,,,Physicist
Kasimir Nehru Galloway,KNG0672,21,40,18,20,27,,,Physicist
Jade Maris Coleman,JMC0925,33,10,23,19,31,,,Physicist
Ali Murphy Hurley,AMH0794,43,42,33,40,31,,,Physicist
Bernard Tobias Landry,BTL0226,36,44,37,38,31,1,1,Physicist
Ira Benjamin Mays,IBM0671,50,46,38,35,31,,,Physicist
Keely Mollie Weiss,KMW0545,19,16,18,23,32,,,Physicist
Chandler Raymond Kirk,CRK0916,32,46,26,19,32,,,Physicist
Octavius Judah Kirby,OJK0233,40,36,14,22,33,,,Physicist
Jonas Connor Riddle,JCR0921,47,46,31,40,34,,,Physicist
Aladdin Abraham Foley,AAF0791,14,40,40,50,34,,,Physicist
Beverly Melissa Garner,BMG0917,43,36,41,23,34,,,Physicist
Britanni Marah Cash,BMC0547,41,18,22,21,35,,,Physicist
Demetrius Alvin Levy,DAL0673,39,35,46,41,36,,,Physicist
Grace Charde Roth,GCR0554,16,16,41,23,37,,,Physicist
Declan Zachery Caldwell,DZC0228,37,37,34,21,38,,,Physicist
Mona Susan Shannon,MSS0001,21,44,24,45,19,,,President
Jessica Rachel Freeman,JRF0835,44,33,18,37,18,,,ProductionLineWorker
Kai Penelope Peck,KPP0452,44,46,44,16,19,,,ProductionLineWorker
Cassidy Florence Gibbs,CFG0959,42,21,24,17,20,,,ProductionLineWorker
Xanthus Louis Buck,XLB0710,46,38,39,36,20,,,ProductionLineWorker
Tyrone Damian Garner,TDG0962,42,40,36,26,21,,,ProductionLineWorker
Alfreda Morgan Holloway,AMH0464,45,16,42,37,21,,,ProductionLineWorker
Ruth Yael Burris,RYB0718,19,18,42,13,21,,,ProductionLineWorker
Basia Nevada Riggs,BNR0965,47,19,15,20,22,,,ProductionLineWorker
Emerald Lysandra Hodges,ELH0960,40,43,26,41,22,,,ProductionLineWorker
Eric Gray Duncan,EGD0132,37,38,33,15,22,1,2,ProductionLineWorker
Aaron Porter Gutierrez,APG0307,43,39,36,43,22,,,ProductionLineWorker
Mariko Ivana Mckee,MIM0712,16,15,39,23,22,,,ProductionLineWorker
Ezra Hilel Dyer,EHD0584,38,40,42,43,22,1,1,ProductionLineWorker
Naida Imelda Hughes,NIH0969,43,25,43,22,22,,,ProductionLineWorker
Wynter Rose Mercer,WRM0963,17,23,43,31,22,,,ProductionLineWorker
Sylvia Ariana Head,SAH0599,13,22,44,18,22,,,ProductionLineWorker
Priscilla Martha Vinson,PMV0850,23,39,12,42,23,,,ProductionLineWorker
Colorado Joel Merrill,CJM0138,10,40,21,17,23,,,ProductionLineWorker
Addison Edward Snyder,AES0827,39,40,34,38,23,,,ProductionLineWorker
Kevyn Quin Charles,KQC0708,34,18,39,42,23,,,ProductionLineWorker
Carter Harrison Maldonado,CHM0821,48,11,39,19,23,,,ProductionLineWorker
Maryam Nelle Ruiz,MNR0829,41,33,40,15,23,,,ProductionLineWorker
Hiroko Kiona Faulkner,HKF0831,23,42,49,21,24,,,ProductionLineWorker
Phelan Dieter Hendricks,PDH0716,40,16,14,10,24,,,ProductionLineWorker
Irene Lacota Huffman,ILH0958,28,17,20,19,24,,,ProductionLineWorker
Callum Jasper Gilmore,CJG0470,44,45,22,32,24,,,ProductionLineWorker
Scott Gary Burks,SGB0140,50,45,40,16,24,,,ProductionLineWorker
Melodie Lee Glenn,MLG0475,45,16,18,19,25,,,ProductionLineWorker
Chester Caldwell Mendoza,CCM0467,43,40,19,26,25,,,ProductionLineWorker
Micah Abdul Rojas,MAR0955,36,44,23,44,25,1,1,ProductionLineWorker
April Alika Levy,AAL0706,37,14,28,13,25,,,ProductionLineWorker
Cameran Madonna Shepard,CMS0454,43,23,28,15,25,,,ProductionLineWorker
Ella Rachel Hess,ERH0449,44,15,35,17,25,,,ProductionLineWorker
Ivy Charissa Solis,ICS0956,22,20,18,35,26,,,ProductionLineWorker
Idola Carly Haley,ICH0294,32,27,20,40,26,,,ProductionLineWorker
Willow Jaime Daniel,WJD0576,40,20,23,38,26,,,ProductionLineWorker
Lila Dana Mcintyre,LDM0587,49,20,23,21,26,,,ProductionLineWorker
Serina Amena Chavez,SAC0592,24,18,23,42,26,,,ProductionLineWorker
Brett Damian Beck,BDB0453,41,42,27,41,26,,,ProductionLineWorker
Dale Dorian Mercado,DDM0579,33,45,30,37,26,,,ProductionLineWorker
Amelia Rhoda Burgess,ARB0834,40,42,40,49,26,,,ProductionLineWorker
Alice Sierra Valenzuela,ASV0946,35,12,46,17,26,,,ProductionLineWorker
Grady Jordan Duran,GJD0298,43,39,12,40,27,,,ProductionLineWorker
Maxwell Clark Faulkner,MCF0600,39,49,13,26,27,1,1,ProductionLineWorker
George Cade Chen,GCC0945,30,39,18,25,27,,,ProductionLineWorker
Hollee Shannon Dudley,HSD0457,38,19,20,42,27,,,ProductionLineWorker
Cody Jonathan Potter,CJP0952,45,18,25,18,27,,,ProductionLineWorker
Hakeem Stephen Peck,HSP0290,38,15,28,20,27,,,ProductionLineWorker
Fletcher Perry Cantu,FPC0954,22,25,50,20,27,,,ProductionLineWorker
Isadora Blaine Shepherd,IBS0836,10,44,50,38,27,,,ProductionLineWorker
Teagan Briar Townsend,TBT0461,43,42,13,30,28,,,ProductionLineWorker
Sharon Jemima Whitehead,SJW0451,43,30,16,50,28,,,ProductionLineWorker
Jescie Kristen Jenkins,JKJ0698,16,38,16,22,28,,,ProductionLineWorker
Emmanuel Lawrence Briggs,ELB0847,12,17,16,19,28,,,ProductionLineWorker
Cameron Shay Lester,CSL0949,36,20,18,25,28,,,ProductionLineWorker
Beatrice Alexis Kidd,BAK0964,25,16,22,18,28,,,ProductionLineWorker
George Zachery Burch,GZB0469,46,39,22,45,28,,,ProductionLineWorker
Elaine Sonya Hughes,ESH0135,35,22,32,44,28,,,ProductionLineWorker
Jane Justina Hunt,JJH0292,35,23,38,39,28,,,ProductionLineWorker
Julie Jaime Burns,JJB0700,15,19,39,37,28,,,ProductionLineWorker
Lilah Renee Wagner,LRW0970,10,26,39,22,28,,,ProductionLineWorker
Bruno Stewart Silva,BSS0463,32,40,40,38,28,,,ProductionLineWorker
Heidi Mia Wilson,HMW0713,38,24,40,36,28,,,ProductionLineWorker
Akeem Jerry Lopez,AJL0462,16,24,44,31,28,,,ProductionLineWorker
Anthony Aidan Nixon,AAN0823,24,16,45,24,28,,,ProductionLineWorker
Felicia Xantha Farley,FXF0957,35,25,47,36,28,,,ProductionLineWorker
Albert Mohammad Joseph,AMJ0297,16,43,50,18,28,,,ProductionLineWorker
Jameson Damian Franco,JDF0593,30,45,11,41,29,,,ProductionLineWorker
Ann Jolie Potts,AJP0723,24,29,17,12,29,,,ProductionLineWorker
Ella Cassandra Rivera,ECR0822,16,19,17,23,29,,,ProductionLineWorker
Naomi Meredith Baxter,NMB0972,45,22,17,20,29,,,ProductionLineWorker
Timon Jacob Gay,TJG0582,42,50,18,15,29,,,ProductionLineWorker
Malcolm Sebastian Garrison,MSG0839,42,46,19,39,29,,,ProductionLineWorker
Penelope Lysandra Hayes,PLH0715,42,37,19,37,29,,,ProductionLineWorker
Hanae Gay Hogan,HGH0595,41,14,22,39,29,,,ProductionLineWorker
Chadwick Armand Nunez,CAN0842,38,41,22,39,29,,,ProductionLineWorker
Marcia Lillian Lynn,MLL0598,44,17,23,49,29,,,ProductionLineWorker
Teegan Jillian Burris,TJB0302,42,47,24,40,29,,,ProductionLineWorker
Graiden Nehru Zimmerman,GNZ0953,26,18,26,36,29,,,ProductionLineWorker
Octavia May Maddox,OMM0944,17,14,27,21,29,,,ProductionLineWorker
Beau Hall Watts,BHW0458,36,32,28,30,29,,,ProductionLineWorker
Jena Chanda Rollins,JCR0289,32,43,33,33,29,,,ProductionLineWorker
Ariel Bertha Murphy,ABM0845,45,21,35,50,29,,,ProductionLineWorker
Kasper Lance Huffman,KLH0596,30,10,35,12,29,1,1,ProductionLineWorker
Eden Deborah Ball,EDB0714,21,23,35,26,29,1,2,ProductionLineWorker
Cailin Casey Mckee,CCM0136,16,16,39,40,29,,,ProductionLineWorker
Ivor Herrod Kaufman,IHK0841,35,23,41,28,29,,,ProductionLineWorker
Nevada Leilani Ortega,NLO0131,19,13,46,40,29,,,ProductionLineWorker
Colin Lawrence Holder,CLH0703,48,41,47,28,29,,,ProductionLineWorker
Aladdin Hu Day,AHD0848,24,30,49,16,30,,,ProductionLineWorker
Selma Barbara Nicholson,SBN0971,41,40,17,47,30,,,ProductionLineWorker
Ivory Leandra Rogers,ILR0304,20,22,18,46,30,,,ProductionLineWorker
Zenia Freya Macias,ZFM0468,35,16,20,45,30,,,ProductionLineWorker
Aurora Sarah Manning,ASM0575,42,25,21,45,30,,,ProductionLineWorker
Slade Orson Burch,SOB0586,45,35,23,24,30,,,ProductionLineWorker
Forrest Rashad Richards,FRR0832,43,40,25,19,30,,,ProductionLineWorker
Cade Rajah Patterson,CRP0456,37,41,28,43,30,,,ProductionLineWorker
Bruno Carter Robles,BCR0581,20,11,34,36,30,,,ProductionLineWorker
Genevieve Hyacinth Head,GHH0288,12,36,40,36,30,,,ProductionLineWorker
Neve Sarah Crane,NSC0597,19,13,11,44,31,,,ProductionLineWorker
Seth Harlan Walls,SHW0578,39,42,14,49,31,,,ProductionLineWorker
Montana Basia Roberts,MBR0724,33,44,18,35,31,,,ProductionLineWorker
Morgan Deborah Hoover,MDH0580,41,37,18,40,31,1,2,ProductionLineWorker
Talon Ian Ware,TIW0299,34,19,19,12,31,,,ProductionLineWorker
Eugenia Hannah Blanchard,EHB0824,46,39,22,44,31,1,1,ProductionLineWorker
Flynn Edward Brennan,FEB0306,40,42,26,25,31,,,ProductionLineWorker
Raymond Arsenio Blackwell,RAB0589,36,35,26,14,31,1,1,ProductionLineWorker
Ariel Ina Barrett,AIB0948,42,31,27,20,31,,,ProductionLineWorker
Nicolas James Cantu,NJC0705,43,39,29,36,31,,,ProductionLineWorker
Yvette Jeanette Vang,YJV0699,17,25,30,13,31,,,ProductionLineWorker
Philip Nathan Logan,PNL0301,50,43,30,43,31,1,2,ProductionLineWorker
Ivana Kaitlin Parsons,IKP0472,32,10,37,38,31,,,ProductionLineWorker
Zane Cadman Fields,ZCF0590,42,42,42,25,31,,,ProductionLineWorker
Armand Odysseus Key,AOK0844,11,30,44,26,31,,,ProductionLineWorker
Shaeleigh MacKenzie Harris,SMH0291,23,22,10,24,32,,,ProductionLineWorker
Jerry Kennan Fischer,JKF0465,10,37,12,17,32,,,ProductionLineWorker
Glenna Caryn Sharpe,GCS0571,22,18,16,23,32,,,ProductionLineWorker
Zena Sigourney Langley,ZSL0305,21,26,18,41,32,,,ProductionLineWorker
Amity Kendall Foley,AKF0709,42,31,29,22,32,,,ProductionLineWorker
Tad Harlan Duncan,THD0448,41,32,29,38,32,,,ProductionLineWorker
Noel Reagan Foster,NRF0137,10,49,38,17,32,,,ProductionLineWorker
Laith Jason Britt,LJB0826,38,21,39,15,32,,,ProductionLineWorker
Ivor Jelani Robbins,IJR0825,38,42,39,46,32,,,ProductionLineWorker
Caldwell Quamar Head,CQH0701,35,50,39,50,32,,,ProductionLineWorker
Colt Kendall Perez,CKP0721,40,39,39,13,32,,,ProductionLineWorker
Troy Nicolas Molina,TNM0961,37,50,39,17,32,1,2,ProductionLineWorker
Piper Sasha Fuentes,PSF0133,42,40,11,36,33,1,2,ProductionLineWorker
Wang Dean Vasquez,WDV0573,48,36,13,31,33,,,ProductionLineWorker
Kirk Jakeem Joyce,KJJ0293,41,42,23,39,33,,,ProductionLineWorker
Jaquelyn Angelica Jimenez,JAJ0849,22,24,23,23,33,,,ProductionLineWorker
Chiquita Linda Stokes,CLS0296,27,16,25,18,33,,,ProductionLineWorker
Aspen Amber Vinson,AAV0450,44,24,36,41,33,,,ProductionLineWorker
Isadora Buffy Brewer,IBB0696,47,13,36,16,33,,,ProductionLineWorker
Leo Hasad Byrd,LHB0967,37,38,41,47,33,,,ProductionLineWorker
Ivan Levi Craig,ILC0838,40,36,42,16,33,,,ProductionLineWorker
Lacota Dahlia Good,LDG0459,20,41,10,50,34,,,ProductionLineWorker
Fallon Harriet Shelton,FHS0837,23,37,14,42,34,,,ProductionLineWorker
Mufutau Nehru Contreras,MNC0717,30,37,22,22,34,,,ProductionLineWorker
Cherokee Tashya Ramirez,CTR0697,36,15,33,25,34,,,ProductionLineWorker
Fitzgerald Wayne Miranda,FWM0707,50,36,35,18,34,,,ProductionLineWorker
Holly Xerxes Lara,HXL0968,45,21,35,40,34,1,2,ProductionLineWorker
Noble Clinton Klein,NCK0295,31,30,38,36,34,,,ProductionLineWorker
Peter Tad Hartman,PTH0830,43,44,42,43,34,,,ProductionLineWorker
Tad Patrick Hardin,TPH0474,44,39,14,21,35,,,ProductionLineWorker
Risa Laura Bolton,RLB0719,14,18,15,40,35,,,ProductionLineWorker
Irene Jemima Meyers,IJM0139,45,17,15,30,35,,,ProductionLineWorker
Hillary Piper Riddle,HPR0585,34,46,15,46,35,,,ProductionLineWorker
Daria Samantha Mcbride,DSM0591,20,35,18,43,35,,,ProductionLineWorker
Kenneth Steel Porter,KSP0966,42,36,19,24,35,,,ProductionLineWorker
Geoffrey Harlan Lara,GHL0460,21,37,24,17,35,1,1,ProductionLineWorker
Aretha Dorothy Deleon,ADD0846,18,19,25,12,35,,,ProductionLineWorker
Raphael Aristotle Ray,RAR0725,32,32,25,20,35,1,2,ProductionLineWorker
Erasmus Cameron Franco,ECF0828,40,49,39,40,35,,,ProductionLineWorker
Otto Hedley Chase,OHC0973,42,24,42,17,35,,,ProductionLineWorker
Joel Kennan Mccarty,JKM0303,46,10,44,15,35,,,ProductionLineWorker
Hope Dawn Jensen,HDJ0446,18,17,45,27,35,,,ProductionLineWorker
Dominic Calvin Hewitt,DCH0843,20,31,11,18,36,1,1,ProductionLineWorker
Timothy Arthur Carroll,TAC0300,15,38,18,18,36,,,ProductionLineWorker
Galena Deborah Francis,GDF0704,25,13,21,29,36,,,ProductionLineWorker
Madison Lydia Morrison,MLM0950,24,20,29,23,36,,,ProductionLineWorker
Mohammad Vladimir Farrell,MVF0594,35,38,33,44,36,,,ProductionLineWorker
Anne Jane Carey,AJC0840,14,24,19,33,37,,,ProductionLineWorker
Macey Christen Turner,MCT0720,34,12,20,22,37,,,ProductionLineWorker
Calvin Jarrod Hood,CJH0702,46,24,30,25,37,,,ProductionLineWorker
Aquila Stewart Dejesus,ASD0577,40,48,36,14,37,,,ProductionLineWorker
Nero Uriel Little,NUL0471,35,38,38,26,37,,,ProductionLineWorker
Jorden Helen Pierce,JHP0583,37,25,40,42,37,,,ProductionLineWorker
Mikayla Jaden Barron,MJB0588,39,24,15,47,38,,,ProductionLineWorker
Myra Kay Greer,MKG0711,17,26,43,32,38,,,ProductionLineWorker
Owen Ross Burks,ORB0473,38,44,46,38,38,,,ProductionLineWorker
Ramona Alma Moses,RAM0447,35,12,23,45,39,,,ProductionLineWorker
Ayanna Vivian Murray,AVM0947,10,25,30,44,39,,,ProductionLineWorker
Beck John Peters,BJP0134,42,17,44,21,39,,,ProductionLineWorker
Joy Rosalyn Leblanc,JRL0574,19,26,35,47,40,,,ProductionLineWorker
William Graham Rowe,WGR0833,38,46,24,38,42,,,ProductionLineWorker
Grant Camden Gay,GCG0951,33,33,25,19,44,,,ProductionLineWorker
Blair Todd Long,BTL0722,39,41,36,17,49,,,ProductionLineWorker
Callum Scott Parrish,CSP0197,37,44,17,13,26,,,PurchasingClerk
Yolanda Idona Crosby,YIC0195,18,49,19,40,31,,,PurchasingClerk
Cora Jane Kinney,CJK0200,40,29,24,38,31,,,PurchasingClerk
Hadley Sonya Bowen,HSB0196,44,13,43,30,33,,,PurchasingClerk
Sawyer Abel Turner,SAT0194,14,19,36,23,35,,,PurchasingClerk
Dennis Gray Wilson,DGW0752,40,46,20,40,14,,,Salesman
Gray Mason Fulton,GMF0738,30,40,45,20,18,,,Salesman
Axel Malik Rosa,AMR0318,45,50,17,25,21,,,Salesman
Sonya Beatrice Nichols,SBN0495,39,22,43,24,21,,,Salesman
Salvador Byron Norton,SBN0866,41,34,41,24,22,,,Salesman
Isabella Marah Graham,IMG0320,37,14,12,24,23,,,Salesman
Armand Jasper Nicholson,AJN0607,45,42,16,47,23,,,Salesman
Adam Ishmael Mcdaniel,AIM0627,36,39,16,41,23,,,Salesman
Colin Stuart Holloway,CSH0626,33,17,41,18,23,,,Salesman
Martin Ivan Cooper,MIC0726,32,41,43,17,23,,,Salesman
Harper Clark Vazquez,HCV0478,46,36,18,12,24,,,Salesman
Melyssa Deirdre Morgan,MDM0625,18,42,36,27,24,,,Salesman
Arthur Jacob Raymond,AJR0319,40,13,37,16,24,,,Salesman
William Beau Callahan,WBC0315,40,37,40,45,24,,,Salesman
Urielle Jane Carter,UJC0737,16,12,12,38,25,,,Salesman
William Damian Oconnor,WDO0870,23,21,14,13,25,,,Salesman
Guy Zeus Chandler,GZC0735,44,16,15,27,25,,,Salesman
Halee Keiko Rhodes,HKR0628,21,16,17,16,25,,,Salesman
Gil Quincy Potter,GQP0743,47,39,19,39,25,,,Salesman
Wynne Xyla Hartman,WXH0872,17,20,19,21,25,,,Salesman
Martina Cassandra Fields,MCF0327,39,41,24,44,25,,,Salesman
Malik Adrian Hebert,MAH0864,30,46,25,20,25,,,Salesman
Colton Kaseem Bolton,CKB0482,36,48,37,46,25,,,Salesman
Vincent Calvin Young,VCY0751,37,24,39,19,25,,,Salesman
Brielle Aubrey Marks,BAM0611,25,30,39,23,25,,,Salesman
Hedy Delilah Lopez,HDL0748,25,13,46,41,25,,,Salesman
Benjamin Ignatius Hooper,BIH0745,43,39,50,27,25,1,1,Salesman
Meghan Brianna Jensen,MBJ0312,22,45,49,12,26,,,Salesman
Leo Chaney Daugherty,LCD0622,30,26,13,14,26,,,Salesman
Roary Ursa Massey,RUM0880,40,37,17,38,26,,,Salesman
Nola Nerea Ayala,NNA0610,21,35,18,43,26,,,Salesman
Samson Denton Oconnor,SDO0170,35,47,22,45,26,,,Salesman
Lenore Piper Cardenas,LPC0492,30,23,22,30,26,,,Salesman
Frances Hermione Owens,FHO0630,28,44,23,12,26,,,Salesman
Kirby Ruby Lyons,KRL0501,18,27,23,28,26,1,2,Salesman
Jael Jennifer Hansen,JJH0613,50,30,24,14,26,,,Salesman
Candice Lunea Fischer,CLF0852,36,45,28,18,26,,,Salesman
Fulton Quinn Avery,FQA0854,41,38,30,34,26,,,Salesman
Robert Zeus Cox,RZC0746,15,38,33,43,26,,,Salesman
Raphael Benjamin Bryan,RBB0485,40,40,35,30,26,,,Salesman
Katell Amethyst Thornton,KAT0489,22,41,36,23,26,,,Salesman
Ira Dustin Oneill,IDO0176,34,39,40,24,26,,,Salesman
Leo Elmo Monroe,LEM0605,46,50,40,39,26,,,Salesman
Risa Lana Guthrie,RLG0856,18,36,42,18,26,,,Salesman
Barclay Eaton Hensley,BEH0615,24,20,50,22,26,,,Salesman
Rogan Chandler Coffey,RCC0617,33,50,13,12,27,,,Salesman
Maggy Melissa Burt,MMB0488,21,18,16,24,27,,,Salesman
Keane Kennan Watts,KKW0879,36,42,21,31,27,,,Salesman
Nicole Macey Craig,NMC0486,42,10,23,21,27,,,Salesman
Raymond Tate Osborne,RTO0313,44,45,25,17,27,,,Salesman
Jocelyn Brenna Daniels,JBD0616,40,21,25,37,27,,,Salesman
Colt Walter Reynolds,CWR0502,41,49,25,45,27,,,Salesman
Halla Kendall Irwin,HKI0171,31,17,30,45,27,,,Salesman
Claire Olivia Martin,COM0321,38,18,34,18,27,,,Salesman
Cassady Quincy Hampton,CQH0730,21,18,37,49,27,,,Salesman
Tyler Eden Talley,TET0621,30,37,44,32,27,,,Salesman
Price Rashad Mullen,PRM0740,45,40,45,42,27,,,Salesman
Gail Rhiannon Mcconnell,GRM0868,21,25,20,13,28,,,Salesman
Cullen Gary Adams,CGA0629,36,35,24,49,28,,,Salesman
Fuller Baker Warner,FBW0747,43,45,35,25,28,,,Salesman
Malachi Thor Butler,MTB0620,38,44,41,50,28,,,Salesman
Sebastian Elliott Sexton,SES0477,38,40,13,39,29,,,Salesman
Molly Sacha Zimmerman,MSZ0310,24,38,18,31,29,,,Salesman
Chanda Celeste Mosley,CCM0855,31,24,19,36,29,,,Salesman
Maxwell Hammett Green,MHG0733,43,30,24,42,29,,,Salesman
Jonathan Orlando Marsh,JOM0750,35,46,25,40,29,,,Salesman
Callum Brendan Gonzalez,CBG0490,50,31,35,10,29,,,Salesman
Raymond Gray Hyde,RGH0728,19,20,37,18,29,,,Salesman
Charde Cynthia Rasmussen,CCR0863,20,30,37,14,29,,,Salesman
Kay Brynne Spears,KBS0874,23,39,37,33,29,,,Salesman
Macon Kyle Pope,MKP0861,36,42,39,34,29,,,Salesman
Plato Ethan Valdez,PEV0323,47,34,40,22,29,,,Salesman
Kirk Palmer Rosales,KPR0497,50,43,43,20,29,,,Salesman
Harlan Jason Benjamin,HJB0742,41,40,16,21,30,1,1,Salesman
Doris Mona Michael,DMM0623,36,27,21,39,30,,,Salesman
Nichole Azalia Frye,NAF0326,33,15,25,20,30,,,Salesman
Quail Rana Mclean,QRM0739,33,11,26,29,30,,,Salesman
Brianna Aretha Hopper,BAH0875,43,19,26,17,30,,,Salesman
Felicia Sloane Cabrera,FSC0601,37,30,37,15,30,1,2,Salesman
Daryl Skyler Brock,DSB0731,26,15,40,43,30,,,Salesman
Cora Maisie Mclean,CMM0487,39,22,42,40,30,,,Salesman
Sawyer Arden Puckett,SAP0867,13,25,43,19,30,,,Salesman
Kenyon Chancellor Sharpe,KCS0173,39,20,50,20,30,,,Salesman
Grady Craig Coffey,GCC0744,35,42,15,25,31,,,Salesman
Blair Deborah Vaughn,BDV0168,45,31,19,21,31,1,1,Salesman
Oliver Logan Fowler,OLF0504,41,43,20,41,31,,,Salesman
Justin Xerxes Hansen,JXH0493,36,32,23,15,31,,,Salesman
Kylie Elizabeth Santos,KES0729,20,10,24,45,31,,,Salesman
Randall Hashim Palmer,RHP0484,35,37,24,16,31,,,Salesman
Natalie Sheila Santiago,NSS0876,26,20,25,42,31,,,Salesman
Leila Tallulah Steele,LTS0860,48,20,29,20,31,,,Salesman
Chelsea Aspen Allen,CAA0612,20,41,32,42,31,,,Salesman
Zenaida Justine England,ZJE0857,35,34,36,38,31,,,Salesman
Rebecca Kelsie Daugherty,RKD0604,17,46,36,38,31,1,1,Salesman
Elton Zeus Horton,EZH0736,44,41,37,19,31,,,Salesman
Jaquelyn Cassandra Roberson,JCR0172,43,41,41,39,31,,,Salesman
Donovan Garth Nieves,DGN0480,21,25,44,20,31,,,Salesman
Eden Merrill Stokes,EMS0317,15,21,44,10,31,,,Salesman
Bianca Elizabeth Roach,BER0314,23,20,18,19,32,,,Salesman
Prescott Laith Harding,PLH0862,32,37,25,16,32,,,Salesman
Zeph Dakota Wilkerson,ZDW0859,39,45,26,41,32,,,Salesman
Iris Rhea Terrell,IRT0491,17,30,27,41,32,,,Salesman
Bruce Eden Clemons,BEC0505,35,21,30,19,32,,,Salesman
Jarrod Malik Burris,JMB0308,41,44,34,14,32,1,1,Salesman
Allegra Bree Coffey,ABC0174,15,41,34,13,32,1,2,Salesman
Lionel Omar Fisher,LOF0311,41,15,36,10,32,,,Salesman
Oren Clinton Sharpe,OCS0865,29,24,43,35,32,,,Salesman
Jonah Dakota Bird,JDB0169,20,14,23,48,33,,,Salesman
Jana Amanda Dorsey,JAD0609,18,23,26,36,33,,,Salesman
Josiah Chester Gray,JCG0316,47,36,32,25,33,,,Salesman
Sylvia Velma Sweet,SVS0871,23,15,34,28,33,,,Salesman
Mallory Alexis Daniel,MAD0753,50,30,36,41,33,,,Salesman
Lee Lacey Velez,LLV0602,36,10,36,37,33,,,Salesman
Aquila Tanner Ellison,ATE0869,13,15,40,44,33,,,Salesman
Josiah Preston Wall,JPW0741,40,38,44,30,33,,,Salesman
Isadora Jael Waters,IJW0851,21,10,10,18,34,,,Salesman
Quincy Preston Moses,QPM0727,43,40,18,34,34,,,Salesman
Risa Hillary Obrien,RHO0732,20,10,21,19,34,,,Salesman
Cora Aurora Buckner,CAB0614,17,38,22,12,34,,,Salesman
Orson Barrett Houston,OBH0499,35,18,41,16,34,,,Salesman
Chanda Tamekah William,CTW0500,38,36,20,35,35,,,Salesman
Xerxes Howard Wilcox,XHW0498,37,47,48,23,35,1,2,Salesman
Connor Phelan Guerra,CPG0322,17,13,19,24,36,,,Salesman
Leilani Quail Callahan,LQC0479,27,38,34,17,36,1,1,Salesman
Melodie Chantale Joyce,MCJ0324,28,20,40,20,36,,,Salesman
Shana Callie Ferguson,SCF0608,35,18,42,42,36,,,Salesman
Aurora Jael Hopkins,AJH0175,19,19,16,33,37,,,Salesman
Meredith Lunea Delaney,MLD0755,24,18,19,43,37,,,Salesman
Kay Janna Snider,KJS0618,19,15,20,10,37,,,Salesman
Deborah Barbara White,DBW0483,17,16,25,21,37,,,Salesman
Lacota Hilda Lindsey,LHL0309,19,34,27,46,37,,,Salesman
Galena Britanney Merritt,GBM0603,39,42,42,24,37,,,Salesman
Teagan Hedy Romero,THR0873,37,44,21,40,38,,,Salesman
Nicole Aurelia Hanson,NAH0503,33,17,23,35,38,,,Salesman
Isabelle Maggie Benjamin,IMB0481,19,41,38,43,38,,,Salesman
Florence Gloria Whitney,FGW0853,25,35,20,40,39,,,Salesman
Jeanette Cally Whitfield,JCW0858,14,35,22,41,39,,,Salesman
Dane Davis Atkins,DDA0476,36,25,39,13,39,,,Salesman
Blaine Jelani Weeks,BJW0619,30,43,47,21,39,,,Salesman
Blair Bruno Grimes,BBG0325,41,50,30,37,40,,,Salesman
Caleb Jonas Chang,CJC0494,40,39,39,42,42,,,Salesman
Benjamin Tyrone Norman,BTN0061,42,21,22,20,22,,,Scientist
Yardley Ezra Vang,YEV0793,40,37,42,15,22,,,Scientist
Kimberley Roary Maldonado,KRM0541,40,20,38,36,23,,,Scientist
Jena Audrey Malone,JAM0382,25,23,41,17,23,,,Scientist
Diana Lillian Solis,DLS0383,10,21,12,25,24,,,Scientist
Eaton Samuel Jennings,ESJ0670,42,31,15,40,24,,,Scientist
Robert Ali Webb,RAW0915,43,50,21,43,24,,,Scientist
Nigel Harrison Estrada,NHE0919,25,16,32,21,24,,,Scientist
Charissa Nyssa Mcgee,CNM0800,32,11,40,38,24,,,Scientist
Rogan Judah Mcintyre,RJM0381,41,47,44,41,25,,,Scientist
Noah Nathan Shaffer,NNS0059,42,23,48,23,25,,,Scientist
Tana Sonya Moody,TSM0927,33,21,10,37,26,,,Scientist
Sandra Roary Solomon,SRS0231,17,44,36,32,26,,,Scientist
Keegan Marvin Benson,KMB0922,43,43,17,24,27,,,Scientist
Demetrius Barry Bullock,DBB0384,40,41,28,37,27,,,Scientist
Hayden Bernard Benson,HBB0056,37,33,30,21,27,,,Scientist
John Price Atkins,JPA0667,49,42,34,35,27,,,Scientist
Amena Karyn Christian,AKC0924,40,44,35,37,27,,,Scientist
Farrah Kim Keith,FKK0055,46,16,37,16,27,,,Scientist
Axel Seth Lewis,ASL0378,15,15,41,21,27,,,Scientist
Fay Ingrid Rodriquez,FIR0920,40,11,44,20,27,,,Scientist
Vladimir Thomas Todd,VTT0385,14,26,17,36,28,,,Scientist
Cheyenne Kay Dickerson,CKD0680,18,50,24,18,28,,,Scientist
Howard Raphael Weiss,HRW0550,38,34,24,22,28,,,Scientist
Xandra Briar Nielsen,XBN0229,34,16,17,40,29,,,Scientist
Illana Yvette Bradshaw,IYB0918,17,21,42,14,30,,,Scientist
Nicholas Cade Owen,NCO0666,40,45,10,12,31,,,Scientist
Caldwell Ian Maxwell,CIM0926,31,25,41,17,31,,,Scientist
Josiah Thaddeus Stewart,JTS0389,31,36,11,44,32,,,Scientist
Kyla Blythe Carter,KBC0054,42,43,17,41,32,,,Scientist
Kylie Brielle Greer,KBG0549,16,19,37,10,32,,,Scientist
Dale Benjamin Sharpe,DBS0235,30,38,18,37,33,,,Scientist
Sierra Margaret Barker,SMB0804,38,10,19,36,33,,,Scientist
Todd Scott Roth,TSR0676,43,40,26,19,33,,,Scientist
Eaton Burton Crane,EBC0390,40,40,40,22,33,,,Scientist
Jermaine Mannix Hansen,JMH0543,44,25,37,13,34,,,Scientist
Cedric Alexander Bowers,CAB0388,37,33,23,40,36,,,Scientist
Aline Iris Hurst,AIH0675,25,39,38,40,37,,,Scientist
Sonya Samantha Hahn,SSH0799,23,18,31,31,40,,,Scientist
Noelani Wynter Kennedy,NWK0215,21,19,45,18,24,,,SecurityGuard
Fitzgerald Len Merrill,FLM0213,20,41,46,15,24,,,SecurityGuard
August Ronan Lucas,ARL0034,41,39,27,21,26,,,SecurityGuard
Hollee Vanna Becker,HVB0037,17,42,41,44,26,,,SecurityGuard
Aquila Mark Vega,AMV0036,43,36,42,37,26,,,SecurityGuard
Joseph Raja Gaines,JRG0207,42,37,40,21,27,1,1,SecurityGuard
Tasha Quail Sanchez,TQS0212,14,42,45,20,27,,,SecurityGuard
Leslie Briar Fields,LBF0214,18,44,18,38,28,,,SecurityGuard
Nicolas Alvin Fitzpatrick,NAF0033,34,40,19,35,29,,,SecurityGuard
Ashely Sarah Shields,ASS0206,12,18,20,28,30,,,SecurityGuard
Ulric Ferdinand Knapp,UFK0208,18,34,22,23,30,,,SecurityGuard
Rowan Neve Parks,RNP0211,39,15,25,40,30,,,SecurityGuard
Mallory Carol Spence,MCS0035,42,17,38,15,33,,,SecurityGuard
Colin Evan Brown,CEB0210,42,24,44,23,34,,,SecurityGuard
Samson Jeremy Ortega,SJO0209,39,45,18,39,35,,,SecurityGuard
Kameko Signe Harrison,KSH0569,15,39,23,14,22,,,SoftwareEngineer
Vincent Craig Cunningham,VCC0396,21,45,16,37,23,,,SoftwareEngineer
Nigel Gareth Ochoa,NGO0690,43,41,41,17,24,,,SoftwareEngineer
Courtney Brynn Garrett,CBG0398,40,21,41,10,24,,,SoftwareEngineer
Lamar Francis Scott,LFS0071,48,31,14,17,25,,,SoftwareEngineer
Amaya Britanni Newton,ABN0239,21,37,20,39,25,,,SoftwareEngineer
Ferris Stone Bender,FSB0399,23,22,15,37,26,,,SoftwareEngineer
MacKensie Mara Grant,MMG0943,23,27,28,34,26,,,SoftwareEngineer
Anika Isabella Pennington,AIP0394,17,16,38,14,26,,,SoftwareEngineer
Brian Nathaniel Greer,BNG0237,39,36,36,47,27,,,SoftwareEngineer
Owen Len Wheeler,OLW0689,22,25,40,35,27,,,SoftwareEngineer
Aurelia Martina Reese,AMR0400,19,16,47,28,28,,,SoftwareEngineer
Ira Wyatt Moss,IWM0816,35,42,50,44,28,,,SoftwareEngineer
Rogan Reuben Alexander,RRA0938,35,36,21,38,29,,,SoftwareEngineer
Lyle Brady Hayes,LBH0942,40,42,23,30,29,,,SoftwareEngineer
Ivor Kenneth Rollins,IKR0401,40,42,24,16,29,1,2,SoftwareEngineer
Jeanette Eliana Rivera,JER0404,38,46,18,16,30,,,SoftwareEngineer
Madonna Kristen Love,MKL0941,16,26,20,38,30,,,SoftwareEngineer
Hadley Leandra May,HLM0933,36,24,23,43,30,,,SoftwareEngineer
Isaiah Upton Buchanan,IUB0565,44,39,35,22,30,1,2,SoftwareEngineer
Dexter Jamal Simon,DJS0682,22,23,36,13,30,,,SoftwareEngineer
Kaden Chastity Briggs,KCB0815,16,40,18,36,31,,,SoftwareEngineer
Justine Nola Adkins,JNA0559,10,10,41,10,31,,,SoftwareEngineer
Jared Geoffrey Morin,JGM0934,30,22,41,22,31,,,SoftwareEngineer
Adena Lisandra Hardin,ALH0402,43,23,43,46,32,,,SoftwareEngineer
Jade Felicia Caldwell,JFC0557,22,16,23,40,33,,,SoftwareEngineer
Bertha Yetta Parrish,BYP0070,30,19,41,21,33,,,SoftwareEngineer
Tobias Martin Ashley,TMA0069,33,38,42,14,33,,,SoftwareEngineer
Riley Ginger Guy,RGG0064,36,19,20,42,34,1,1,SoftwareEngineer
September Vielka Livingston,SVL0940,15,42,26,15,34,,,SoftwareEngineer
Ariana Doris Frazier,ADF0397,39,16,10,40,35,,,SoftwareEngineer
Amaya Iola Sawyer,AIS0405,40,45,14,37,35,,,SoftwareEngineer
Kessie Kay Cooper,KKC0683,32,37,37,48,35,,,SoftwareEngineer
Gwendolyn Amaya Ferrell,GAF0570,31,15,38,46,35,,,SoftwareEngineer
Bruce Sawyer Barrera,BSB0990,34,44,13,43,37,,,SoftwareEngineer
Maxwell Dante Hutchinson,MDH0686,37,43,31,20,38,,,SoftwareEngineer
Hedwig Dai Duffy,HDD0806,47,28,36,19,38,,,SoftwareEngineer
Axel Donovan Compton,ADC0391,50,43,40,33,38,,,SoftwareEngineer
Akeem Quamar Davenport,AQD0820,41,31,27,24,39,,,SoftwareEngineer
Whilemina Liberty Velez,WLV0566,10,19,38,24,39,,,SoftwareEngineer
Hector Vance Foster,HVF0067,44,35,22,43,41,,,SoftwareEngineer
Francis Kane Buckner,FKB0163,39,35,25,39,22,,,Statistician
Upton Sebastian Holt,USH0199,44,39,46,36,25,,,Statistician
William Aladdin Bennett,WAB0143,43,43,24,22,33,,,Statistician
Eve Isadora Mckenzie,EIM0156,19,31,43,45,33,,,Statistician
Ryan Kelly Frost,RKF0164,40,42,17,18,42,,,Statistician
Harper Basil Obrien,HBO0413,41,35,18,15,18,1,2,SystemsEngineer
Roanna Sacha Monroe,RSM0277,37,38,20,50,22,,,SystemsEngineer
Sylvester Guy Sanders,SGS0268,47,45,30,19,22,,,SystemsEngineer
Suki Ori Grant,SOG0411,26,19,21,24,23,,,SystemsEngineer
Jakeem Magee Knight,JMK0099,40,37,41,41,25,,,SystemsEngineer
Addison Hiram Morrow,AHM0410,34,43,15,18,26,,,SystemsEngineer
Halee Kim Burnett,HKB0418,50,18,13,26,27,,,SystemsEngineer
Rosalyn Daphne Tillman,RDT0424,38,44,19,34,28,,,SystemsEngineer
Dante Vaughan Weber,DVW0103,40,45,44,21,29,,,SystemsEngineer
Katell Jasmine Wiggins,KJW0416,50,46,39,41,30,,,SystemsEngineer
Nyssa Britanney Carver,NBC0412,14,25,18,18,31,,,SystemsEngineer
Herman Ian Abbott,HIA0414,38,39,39,18,31,,,SystemsEngineer
Rhona Germane Nelson,RGN0408,11,21,22,22,32,,,SystemsEngineer
Kane Quinlan Stevenson,KQS0415,35,42,13,14,34,,,SystemsEngineer
Raymond Otto Bond,ROB0272,39,45,23,41,34,,,SystemsEngineer
Finn Tucker Medina,FTM0406,31,15,38,16,34,1,1,SystemsEngineer
Nehru Cyrus Everett,NCE0097,48,36,20,11,35,,,SystemsEngineer
Kirestin Vanna Sykes,KVS0425,20,19,21,30,35,,,SystemsEngineer
Minerva Emerald Solomon,MES0407,38,44,25,47,37,,,SystemsEngineer
Hillary Ainsley Mccormick,HAM0985,20,17,29,16,20,,,TechnicalTrainer
Xenos Hayden Gallegos,XHG0902,44,35,23,47,14,,,Technician
Iona Brenda Payne,IBP0883,30,25,15,11,17,,,Technician
Bruno Donovan Ingram,BDI0533,37,36,15,41,19,,,Technician
Bell Jorden Martinez,BJM0111,22,24,39,41,19,,,Technician
Sybill Sage Shaw,SSS0345,40,21,38,16,20,,,Technician
Olivia Rose Galloway,ORG0339,50,28,46,47,20,,,Technician
Denise Ifeoma Doyle,DID0650,45,21,17,42,21,,,Technician
Gregory Curran Sutton,GCS0518,41,36,23,38,21,,,Technician
Jenette McKenzie Lynn,JML0909,24,32,39,40,21,,,Technician
Anastasia Kylan Kaufman,AKK0329,45,22,25,39,22,,,Technician
Abel Adam Morton,AAM0658,43,35,37,36,22,1,1,Technician
Hayley Carolyn Cunningham,HCC0344,25,11,41,26,22,,,Technician
Lacey Nomlanga Rasmussen,LNR0656,25,39,12,30,23,,,Technician
Olivia Quynn Hardy,OQH0183,34,38,18,33,23,,,Technician
Wing Noah Bonner,WNB0908,38,38,38,22,23,,,Technician
Xenos Rudyard Small,XRS0633,34,39,39,40,23,,,Technician
Dean Flynn Hines,DFH0188,35,40,18,38,24,,,Technician
Cleo Jeanette Morales,CJM0521,13,18,37,18,24,,,Technician
Damian Omar Le,DOL0332,32,40,41,18,24,,,Technician
Valentine Lucian Benjamin,VLB0647,48,40,42,47,24,,,Technician
Lavinia Justine Richmond,LJR0523,32,21,11,33,25,1,1,Technician
Sigourney Xandra Maddox,SXM0895,14,18,15,33,25,,,Technician
Charity Stacey Jennings,CSJ0340,45,24,19,38,25,,,Technician
Camilla Claire Whitehead,CCW0524,40,25,20,21,25,,,Technician
Nevada Odette Bass,NOB0181,31,21,21,41,25,,,Technician
Idola Lana Jarvis,ILJ0526,33,50,23,46,25,,,Technician
Keiko Naida Webb,KNW0644,15,20,23,15,25,,,Technician
Barry Martin Mason,BMM0112,40,36,24,40,25,,,Technician
Peter Gil Harrington,PGH0184,30,35,33,22,25,,,Technician
Carla Amelia Shannon,CAS0507,14,46,33,11,25,,,Technician
Margaret Illana Burch,MIB0904,22,21,34,38,25,,,Technician
Ria Neve Flores,RNF0765,41,22,37,41,25,,,Technician
Roth Hu Conner,RHC0335,36,35,40,46,25,,,Technician
Castor Mark Wolf,CMW0783,21,35,14,16,26,,,Technician
Tamara Shaeleigh Best,TSB0437,26,23,16,30,26,,,Technician
Colorado John Valentine,CJV0286,18,14,17,13,26,,,Technician
Tarik Linus Hubbard,TLH0648,32,35,18,24,26,,,Technician
Yoshio Joseph Farmer,YJF0532,40,35,23,47,26,,,Technician
Katelyn Lani Murray,KLM0639,20,15,24,40,26,,,Technician
Zia Shelley Blankenship,ZSB0649,23,25,36,14,26,,,Technician
Sydnee Leilani Parsons,SLP0762,26,13,40,18,26,,,Technician
Sonia Karly Goodwin,SKG0759,22,15,43,41,26,,,Technician
Eagan Gannon Koch,EGK0893,21,30,11,47,27,,,Technician
Quinn Coby Hays,QCH0110,34,35,17,37,27,,,Technician
Alma Leila Duncan,ALD0529,35,21,19,21,27,,,Technician
Renee Ivana Hayden,RIH0777,26,44,19,16,27,,,Technician
Armand Gabriel Brewer,AGB0643,32,39,20,44,27,,,Technician
Lester Quamar Pearson,LQP0508,26,44,21,40,27,,,Technician
Jared Cameron Rosa,JCR0770,40,47,24,21,27,,,Technician
Nell Mari Schneider,NMS0280,39,42,26,37,27,,,Technician
Eagan Zephania Talley,EZT0640,12,15,27,39,27,,,Technician
Heather Fredericka Baird,HFB0347,34,20,30,30,27,,,Technician
Ferris Omar Barry,FOB0756,42,41,34,20,27,,,Technician
Colton Nathan Barber,CNB0900,34,43,38,16,27,,,Technician
Adam Kendall Harrell,AKH0758,24,38,40,37,27,,,Technician
Amir Hayden Gray,AHG0634,31,36,42,41,27,,,Technician
Stuart Nicolas Cervantes,SNC0187,40,41,42,30,27,,,Technician
Shelby Lila Turner,SLT0907,16,15,43,27,27,,,Technician
Edward Finn Stokes,EFS0882,40,40,47,25,27,,,Technician
Shelley Eleanor Dawson,SED0886,22,18,18,35,28,,,Technician
Magee Ashton Evans,MAE0331,36,39,18,12,28,,,Technician
Hilel Tobias Flynn,HTF0641,38,24,18,22,28,,,Technician
Ulric Colt Holt,UCH0519,33,40,20,47,28,,,Technician
Elvis Marshall Walton,EMW0772,46,41,20,12,28,,,Technician
Cairo Theodore Robles,CTR0341,45,39,23,13,28,,,Technician
Judith Shaeleigh Hayden,JSH0330,20,16,23,24,28,,,Technician
Hadley Willa Hill,HWH0646,17,24,24,21,28,,,Technician
Serina Ariana Butler,SAB0781,36,35,24,30,28,,,Technician
Gisela Quintessa Fischer,GQF0659,40,16,30,29,28,,,Technician
Mallory Virginia Bender,MVB0515,38,14,33,31,28,,,Technician
Flynn Malcolm Gibson,FMG0527,43,38,35,38,28,1,1,Technician
Thomas Shad Guthrie,TSG0906,41,21,40,28,28,,,Technician
Olympia Shafira Harrison,OSH0655,16,21,42,39,28,,,Technician
Leonard Uriel Ramos,LUR0896,15,11,47,43,28,,,Technician
Claudia Galena Baldwin,CGB0637,20,20,15,20,29,,,Technician
Jane Maite Dotson,JMD0520,21,45,16,38,29,,,Technician
Mira Jamalia Snow,MJS0890,10,26,16,11,29,,,Technician
Kay Maxine Skinner,KMS0657,17,31,21,17,29,,,Technician
Cecilia Freya Morgan,CFM0767,46,23,22,35,29,,,Technician
Sloane Jade Cochran,SJC0333,22,39,31,36,29,,,Technician
Kermit Jonas Gould,KJG0910,37,10,31,18,29,,,Technician
Merrill Hiram Hess,MHH0180,19,41,35,10,29,,,Technician
Sophia Cora Battle,SCB0534,20,18,35,22,29,,,Technician
Willa Giselle Stanton,WGS0516,11,20,39,20,29,,,Technician
Guy Tad Daniel,GTD0898,23,23,39,15,29,,,Technician
Clayton Clark Humphrey,CCH0182,42,44,47,23,29,,,Technician
Lionel Jasper Johnston,LJJ0905,43,36,12,22,30,,,Technician
Hilda Alice Hahn,HAH0760,34,17,22,37,30,,,Technician
Phelan Nissim Howell,PNH0761,36,49,27,32,30,,,Technician
Jane Zia Day,JZD0888,20,20,30,14,30,,,Technician
Jonah Merritt Wilder,JMW0638,43,21,30,18,30,,,Technician
Brittany Mona Terry,BMT0528,33,25,39,25,30,,,Technician
Zenia Kiona Stevenson,ZKS0899,47,20,42,43,30,,,Technician
Arthur Lucian Bonner,ALB0892,25,19,44,22,30,,,Technician
Ferdinand Rashad Lee,FRL0511,20,30,47,20,30,,,Technician
Troy Uriah Conway,TUC0632,38,44,10,13,31,,,Technician
Dai Keely Bullock,DKB0631,34,18,14,46,31,,,Technician
Uriel Axel Diaz,UAD0771,46,34,15,30,31,,,Technician
Charde Lareina Barrett,CLB0774,49,23,22,17,31,,,Technician
Elton Jonas Williamson,EJW0884,46,20,32,26,31,,,Technician
Lynn Adena Pratt,LAP0338,42,23,33,45,31,,,Technician
Ursa Britanney Frederick,UBF0645,34,20,34,23,31,,,Technician
Athena Amelia Foreman,AAF0535,17,21,36,33,31,1,2,Technician
Bevis Christopher Mcknight,BCM0653,45,34,41,18,31,,,Technician
Nichole Melodie Gilbert,NMG0766,16,23,42,40,31,,,Technician
Chaim Grant Fernandez,CGF0337,32,30,43,15,31,,,Technician
Salvador Herman Raymond,SHR0334,36,41,45,19,31,,,Technician
Kibo Josiah Murray,KJM0887,31,47,14,16,32,,,Technician
Indira Jocelyn Mack,IJM0776,41,35,19,41,32,1,2,Technician
Abdul Ralph Deleon,ARD0509,50,40,35,32,32,,,Technician
Hadassah Leah Harris,HLH0512,15,42,36,22,32,,,Technician
Irma Melanie Patrick,IMP0530,40,17,42,50,32,,,Technician
Reed Chaim Perkins,RCP0785,42,38,43,30,32,,,Technician
Eliana Stephanie Albert,ESA0642,32,14,44,30,32,,,Technician
Alfreda Sierra Savage,ASS0517,36,35,47,44,32,,,Technician
Kibo Dolan Turner,KDT0346,36,41,10,22,33,,,Technician
Penelope Montana Colon,PMC0328,20,43,10,36,33,,,Technician
Nathaniel Hunter Heath,NHH0185,41,43,19,21,33,,,Technician
Merritt Oliver Phelps,MOP0763,43,41,22,20,33,,,Technician
Meredith Florence Valdez,MFV0897,18,13,23,25,33,,,Technician
Quintessa Shana Vance,QSV0778,17,23,36,35,33,,,Technician
Julian Samson Allen,JSA0775,50,46,42,19,33,,,Technician
Heather Cynthia Leonard,HCL0651,21,19,44,36,33,,,Technician
Chastity Quyn Wilkerson,CQW0652,10,22,48,20,33,1,2,Technician
Sarah Susan Jarvis,SSJ0784,19,39,12,45,34,,,Technician
Illana Isabelle Lamb,IIL0513,37,13,26,38,34,,,Technician
Casey Xerxes Conrad,CXC0336,23,19,34,35,34,,,Technician
TaShya Yoko Bailey,TYB0779,24,20,35,36,34,,,Technician
Noble Merrill Fuller,NMF0780,44,38,36,20,34,,,Technician
Hanae Wendy Meyer,HWM0342,45,44,41,39,34,,,Technician
Preston Odysseus Bryan,POB0343,46,19,44,27,34,,,Technician
Macy Karleigh Winters,MKW0441,15,25,45,20,34,,,Technician
Echo Leandra Torres,ELT0769,19,20,20,27,35,,,Technician
Alfonso Gage Blankenship,AGB0186,18,10,41,15,35,,,Technician
Abel Reese Boone,ARB0881,38,46,43,10,35,,,Technician
Paula Isabelle Santiago,PIS0522,44,26,48,40,35,,,Technician
Edan Marsden Briggs,EMB0531,31,41,31,36,36,,,Technician
Dakota Edward Brady,DEB0782,42,47,32,21,36,,,Technician
Yasir Wade Wilcox,YWW0660,39,35,37,10,36,,,Technician
Akeem William Mayer,AWM0764,47,37,39,42,36,,,Technician
Nora Regina Oconnor,NRO0768,18,18,41,25,36,,,Technician
Cheyenne Lesley Dominguez,CLD0894,19,21,50,16,36,,,Technician
Noah Andrew Beck,NAB0903,44,30,19,30,37,,,Technician
Patience Audrey Douglas,PAD0773,36,21,14,16,38,,,Technician
Jolene Frances Carey,JFC0757,31,21,38,36,38,,,Technician
Macon Joseph Morrison,MJM0510,32,33,22,18,39,,,Technician
Flavia Fiona Cannon,FFC0891,38,10,39,50,39,,,Technician
Brenda Alika Matthews,BAM0636,13,40,46,42,39,,,Technician
Brock Aladdin Joyce,BAJ0654,36,10,47,10,41,,,Technician
Robert Aristotle Stevenson,RAS0432,44,47,40,41,16,,,TestEngineer
Elton Tyler Richard,ETR0428,36,21,40,20,20,,,TestEngineer
Bethany Stephanie Haynes,BSH0445,38,22,30,15,21,,,TestEngineer
Philip Keith Barron,PKB0429,34,42,43,40,22,,,TestEngineer
Portia Illana David,PID0426,43,19,39,44,23,,,TestEngineer
Simone Scarlet Rose,SSR0278,34,32,45,15,24,,,TestEngineer
Ian Jonas Morrow,IJM0444,36,35,39,35,26,,,TestEngineer
Preston Plato Fischer,PPF0435,42,17,48,24,27,1,1,TestEngineer
Igor Ulric Yang,IUY0279,38,38,17,21,29,,,TestEngineer
Blossom Scarlett Aguirre,BSA0431,50,41,19,40,29,,,TestEngineer
Melvin Brody Garza,MBG0438,38,17,37,16,29,,,TestEngineer
Amaya Noelle Terrell,ANT0430,12,19,23,48,31,,,TestEngineer
Casey Edward Joyce,CEJ0109,21,46,17,17,32,1,2,TestEngineer
Hayes William Wheeler,HWW0436,45,37,23,27,33,,,TestEngineer
Ethan Perry Wiggins,EPW0434,32,36,38,22,33,,,TestEngineer
Hyacinth Clare Lindsay,HCL0113,43,22,40,39,34,,,TestEngineer
Octavius Kelly Castaneda,OKC0107,32,40,16,47,35,,,TestEngineer
Pearl Georgia Owen,PGO0433,44,40,19,46,35,,,TestEngineer
Cathleen Kelsey Burke,CKB0427,38,38,36,43,37,,,TestEngineer
Byron Tyrone Williamson,BTW0005,33,39,18,18,27,,,VicePresident
Kai Wynne Craft,KWC0004,23,38,39,20,27,,,VicePresident
Halla Cathleen Simmons,HCS0003,35,28,14,15,30,,,VicePresident
Kirby Bo Pollard,KBP0008,23,18,40,11,34,,,VicePresident
Hyatt Trevor Hayes,HTH0007,37,38,41,20,36,,,VicePresident
Thomas Vladimir Stokes,TVS0006,43,43,37,20,41,,,VicePresident
